{
    "distance_matrix": [
        [0.0, 10.06, 0.66, 1.38, 2.22, 3.05, 3.91, 4.57, 4.99],
        [0.06, 0.0, 0.72, 1.44, 2.28, 3.11, 3.97, 4.63, 5.05],
        [0.66, 0.72, 0.0, 0.77, 1.66, 2.45, 3.34, 3.98, 4.36],
        [1.38, 1.44, 0.77, 0.0, 0.91, 1.68, 2.57, 3.21, 3.60],
        [2.22, 2.28, 1.66, 0.91, 0.0, 0.86, 1.70, 2.37, 2.84],
        [3.05, 3.11, 2.45, 1.68, 0.86, 0.0, 0.90, 1.53, 1.98],
        [3.91, 3.97, 3.34, 2.57, 1.70, 0.90, 0.0, 0.69, 1.29],
        [4.57, 4.63, 3.98, 3.21, 2.37, 1.53, 0.69, 0.0, 0.69],
        [4.99, 5.05, 4.36, 3.60, 2.84, 1.98, 1.29, 0.69, 0.0]
      ],
    "num_vehicles": 3,
    "demands": [
        0,
        500,
        100,
        50,
        750,
        50,
        50,
        100,
        600
    ],
    "order_type": [
        "dropoff",
        "dropoff",
        "dropoff",
        "dropoff",
        "dropoff",
        "dropoff",
        "dropoff",
        "dropoff"
        
    ],
    "paired_order":[
       
    
    
    ],
    "paired_pickup_orders":[
      
    
    ],
    "paired_dropoff_orders":[
        

    ],
    "serve_time": [
        0,
        7200,
        7200,
        7200,
        7200,
        7200,
        7200,
        7200,
        7200
    ],
    "vehicle_capacities": [
        800,
        800,
        800
    ],
    "fixed_cost": [
        2692.3076923076924,
        2692.3076923076924,
        2692.3076923076924
    ],
    "cost_per_km": [
        14,
        14,
        14
    ],
    "variable_cost_per_km": [
        12,
        12,
        12
    ],
    "contract_distance": [
        100000,
        100000,
        100000
    ],
    "vehicle_volume": [
        3350000,
        3350000,
        3350000
    ],
    "cost_per_minute": [
        0.07478632478632478,
        0.07478632478632478,
        0.07478632478632478
    ],
    "variable_cost_per_minute": [
        0,
        0,
        0
    ],
    "contract_time": [
        36000,
        36000,
        36000
    ],
    "vehicle_average_speed": [
        0.009722222222222222,
        0.009722222222222222,
        0.009722222222222222
    ],
    "order_volume": [
        0,
        100,
        100,
        100,
        100,
        100,
        100,
        100,
        200
    ],
    "vehicle_volumes": [
        3350000,
        3350000,
        3350000
    ],
    "vehicle_contract_code": [
        "dsplan:f692eafe-6fff-5f38-860a-1ad27e693798_r0",
        "dsplan:f692eafe-6fff-5f38-860a-1ad27e693798_r1",
        "dsplan:f692eafe-6fff-5f38-860a-1ad27e693798_r2"
    ],
    "vehicle_max_travel_distance": [
        100000,
        100000,
        100000
    ],
    "vehicle_max_available_time": [
        36000,
        36000,
        36000
    ],
    "vehicle_max_order": [
        1000000,
        1000000,
        1000000
    ],
    "vehicle_max_order_quantities": [
        999999,
        999999,
        999999
    ],
    "order_priority": [
        0,
        0,
        0,
        0,
        0,
        0,
        0,
        0
    ],
    "order_id": [
        "order_1_drop",
        "order_2_drop",
        "order_3_pickup",
        "order_4_pickup",
        "order_5_pickup",
        "order_6_drop",
        "order_7_drop",
        "order_8_pickup"
    ],
    "order_time_window_start": [
        "2024-05-14 11:30+05:30",
        "2024-05-14 11:30+05:30",
        "2024-05-14 11:30+05:30",
        "2024-05-14 11:30+05:30",
        "2024-05-14 11:30+05:30",
        "2024-05-14 11:00+05:30",
        "2024-05-14 11:00+05:30",
        "2024-05-14 11:00+05:30"
    ],
    "order_time_window_end": [
        "2024-05-14 18:30+05:30",
        "2024-05-14 18:30+05:30",
        "2024-05-14 18:30+05:30",
        "2024-05-14 18:30+05:30",
        "2024-05-14 18:30+05:30",
        "2024-05-14 18:00+05:30",
        "2024-05-14 18:00+05:30",
        "2024-05-14 18:00+05:30"
    ],
    "vehicle_time_window_start": [
        "2024-05-14 11:00+05:30",
        "2024-05-14 11:00+05:30",
        "2024-05-14 11:00+05:30"
    ],
    "vehicle_time_window_end": [
        "2024-05-14 18:00+05:30",
        "2024-05-14 18:00+05:30",
        "2024-05-14 18:00+05:30"
    ],
    "depot": 0,